{
  "bayrampasaMahalleSinirlari": {
    "Cevatpasa": {
      "center": [41.0725, 28.8835],
      "coords": [[41.07710955230994,28.87898794752316],[41.071609703235666,28.87890211683468],[41.07094645505299,28.87875879408078],[41.06925710688025,28.87960247802166],[41.06747491537664,28.88099454101025],[41.06782936394429,28.88503360051491],[41.06966548649326,28.887745781943636],[41.071415680237735,28.889995112286936],[41.07397690987332,28.88575717322007],[41.0761702660112,28.88013865450618]]
    },
    "Yildirim": {
      "center": [41.0635, 28.8915],
      "coords": [[41.06749380704292,28.881065830645337],[41.068852721147096,28.886430248675087],[41.07124693004514,28.89024971431227],[41.066652560428174,28.897716984209673],[41.06050466231957,28.902866825518235],[41.06099004389951,28.895485386716754],[41.059582428032805,28.89009951060743],[41.05775005410668,28.89125041773168],[41.05631137102041,28.886019455285844],[41.0635465938553,28.883938318524187]]
    },
    "Kartaltepe": {
      "center": [41.0565, 28.8995],
      "coords": [[41.06069595567461,28.89274054650984],[41.05546385099798,28.8968308941093],[41.04993647761175,28.900129840257538],[41.05061651332716,28.901995471278017],[41.05263918880861,28.904606351582643],[41.0547003956282,28.906674639543304],[41.054975217572604,28.907718480170853],[41.055781113277234,28.90894935163377],[41.07124693004514,28.89024971431227],[41.05797886198071,28.90605591246993],[41.05995709571971,28.90285946018684],[41.06080085533904,28.900003585625758]]
    },
    "Kocatepe": {
      "center": [41.0515, 28.8925],
      "coords": [[41.05773697314614,28.891300282125925],[41.05975896604575,28.890077443477846],[41.06070271622653,28.892280905810168],[41.06070271622653,28.892638424487796],[41.05982746976917,28.89338132044131],[41.05468078494362,28.897286167297015],[41.05152623638734,28.899635361993752],[41.04243270567729,28.899007458233303],[41.04500577065098,28.890570605521752],[41.04562679025364,28.884777586675085],[41.050038375579994,28.885322843126374],[41.05398787313539,28.885878972934176],[41.05626814965883,28.88601921300893]]
    },
    "Muratpasa": {
      "center": [41.0485, 28.9055],
      "coords": [[41.04979250261869,28.900113506700652],[41.05034870614651,28.90163506571422],[41.05108633023288,28.902535147919306],[41.05117513443172,28.902776861939625],[41.05272217777297,28.904729167488302],[41.05291613986367,28.90468268402286],[41.05384273757457,28.905792141860744],[41.054651539400176,28.90667897401517],[41.05494134441709,28.907735023237816],[41.055715037882614,28.909019207721204],[41.05472264065247,28.90992233853368],[41.053512037162754,28.910432804361132],[41.05159770649971,28.910845052158674],[41.04819195264825,28.911524489616323],[41.04418595374357,28.91114394038802],[41.045256013939415,28.906268555076256],[41.04624500041154,28.901848728365067],[41.04620004032676,28.900003585625758],[41.04789203842835,28.900154031499213],[41.04980464905455,28.900003585625758]]
    },
    "Ismetpasa": {
      "center": [41.0435, 28.9055],
      "coords": [[41.04613472408632,28.90001291645865],[41.04618261497547,28.901186195030906],[41.046126587177866,28.902391079554857],[41.04544331602802,28.905269343852684],[41.043973367605055,28.911279058770322],[41.041890419690255,28.911772102431414],[41.040608027168226,28.912290420630452],[41.03989463649128,28.91238125512904],[41.04008973690278,28.91145421732727],[41.04087860373086,28.904679051007605],[41.04088853132803,28.904676126037995],[41.04233032471251,28.89906656061706],[41.044135102996215,28.899003585625758]]
    },
    "Altintepsi": {
      "center": [41.0395, 28.8935],
      "coords": [[41.04550349855435,28.884729683290022],[41.04484237361865,28.890297828712537],[41.043556048875644,28.895631983464543],[41.04148970160678,28.901613396968855],[41.04114031087962,28.903098242257673],[41.0409312417168,28.902952477493223],[41.04003501155124,28.905811442699317],[41.039524303184514,28.906706832323373],[41.03876720940981,28.907716238715885],[41.036402170694835,28.904521712597553],[41.03690137451159,28.903466647321387],[41.0369656060904,28.903527037905086],[41.037111621359315,28.90325786840676],[41.03645073023119,28.90258893330365],[41.03584202683005,28.901489716819476],[41.03528534785953,28.898554177715884],[41.03538296452321,28.896015579635627],[41.03525926376531,28.895251074991478],[41.03549810713935,28.895069722837057],[41.03580631380449,28.894652841492686],[41.03758928516136,28.88923074558542],[41.0441046976101,28.884890086897997]]
    },
    "Terazidere": {
      "center": [41.0325, 28.9015],
      "coords": [[41.03524181347704,28.89526750967303],[41.03535594473351,28.896028551588856],[41.03525500760146,28.898654701563817],[41.035893079404595,28.901651230730998],[41.03643922069404,28.902621398866458],[41.03709350280766,28.903261805418932],[41.036969933146615,28.903515116024398],[41.03689961715622,28.90345274456347],[41.03635647657967,28.904517067459782],[41.034924331961406,28.90343127844231],[41.03436202460346,28.90319948753913],[41.03431322447164,28.903529107511815],[41.03334511180208,28.90435873182545],[41.031898769109866,28.90523658941551],[41.03003295518252,28.90478934676119],[41.02967643248768,28.905464201702767],[41.02924870424061,28.902766128921744],[41.02903639877921,28.9022449586043],[41.02814592126157,28.900009176498195],[41.02773130681615,28.900053531759722],[41.02771328003665,28.89912789539611],[41.02862946779063,28.899060892289675],[41.03125109518797,28.897506748433194],[41.03377413229408,28.896457268696675],[41.03522535256603,28.895326476307197]]
    },
    "Yenidogan": {
      "center": [41.04036944119001, 28.913870604299994],
      "coords": [[41.040938844165716,28.903013427122385],[41.04113545704095,28.903131478701056],[41.039864493522614,28.912374861909225],[41.04517273604687,28.911271569102507],[41.04884360830591,28.911770397163988],[41.050393112817936,28.911683638390308],[41.05019541646524,28.911901950356125],[41.04808740623188,28.914194105543753],[41.04253976027778,28.9181551849754],[41.042482734273904,28.91801388033654],[41.043038067192875,28.91567674439937],[41.03922626398842,28.91650636677855],[41.03832230875372,28.917872963217604],[41.03816650510515,28.91767638208379],[41.03589547026404,28.919262157536163],[41.035711830709104,28.919029706604697],[41.03525112836782,28.917167651493145],[41.03572721236397,28.916666105911002],[41.035431174301685,28.91535251104473],[41.035431174301685,28.915535251104473],[41.03531187159747,28.91534063266407],[41.03510363519554,28.915247883770693],[41.03492199258482,28.914525754171617],[41.03473272109279,28.912939152007503],[41.03444741708045,28.9119590667277],[41.03568835261969,28.911910978501012],[41.03582029857625,28.91177210794357],[41.0358329435018,28.91169566498664],[41.03566246366217,28.911046596234338],[41.038118091497104,28.908212449017014],[41.03931658734994,28.907099501595287],[41.040213321054296,28.905411333964512],[41.04079988929323,28.903738842554286]]
    },
    "Vatan": {
      "center": [41.0335, 28.9065],
      "coords": [[41.034401814344704,28.903244446903347],[41.03593947605842,28.904208474477997],[41.03504608433442,28.90748745771851],[41.03454660565695,28.908662520422443],[41.03455217157713,28.908946603813643],[41.03426367062123,28.90998332372177],[41.03406793452184,28.910520745548407],[41.03245044831596,28.90991268892287],[41.03059866474544,28.90895500070056],[41.02969660616076,28.90552959247061],[41.030056448981256,28.904834916320418],[41.03358705120266,28.90422523692701],[41.034336792219136,28.903547471034702],[41.0344031632439,28.9032349105459]]
    },
    "Ortamahalle": {
      "center": [41.0335, 28.9145],